City_ID,City,Lat,Lng,Max Temp,Humidity,Cloudiness,Wind Speed,Country,Date
0,pyaozerskiy,65.8333,31.1667,-6.07,99,13,1.01,RU,1681686502
1,flinders,-34.5833,150.8552,18.92,71,16,0.89,AU,1681686503
2,port macquarie,-31.4333,152.9167,20.5,62,19,4.84,AU,1681686470
3,selenginsk,52.0064,106.8647,-5.9,82,32,1.29,RU,1681686504
4,luderitz,-26.6481,15.1594,20.72,40,2,1.01,NA,1681686326
5,eucaliptus,-17.5833,-67.5167,15.06,34,30,0.95,BO,1681686505
6,port elizabeth,-33.918,25.5701,15.76,81,0,0.93,ZA,1681686461
7,vejprty,50.4923,13.0321,6.19,95,100,1.05,CZ,1681686505
8,bambous virieux,-20.3428,57.7575,24.01,94,40,2.06,MU,1681686506
9,kaitangata,-46.2817,169.8464,17.18,69,3,1.85,NZ,1681686462
10,hualmay,-11.0964,-77.6139,24.72,78,100,4.93,PE,1681686507
11,tura,25.5198,90.2201,24.66,54,7,2.78,IN,1681686351
12,hondo,32.45,130.2,14.15,69,2,2.31,JP,1681686508
13,ribeira grande,38.5167,-28.7,15.99,72,32,3.13,PT,1681686317
14,mokhotlong,-29.2894,29.0675,6.4,46,3,0.88,LS,1681686509
15,abeche,13.8292,20.8324,32.46,20,90,1.08,TD,1681686509
16,punta arenas,-53.15,-70.9167,5.62,65,75,7.2,CL,1681686283
17,thompson,55.7435,-97.8558,5.09,33,40,1.54,CA,1681686102
18,griffith,41.5284,-87.4237,6.02,75,100,7.72,US,1681686511
19,saint-philippe,-21.3585,55.7679,23.77,81,25,2.97,RE,1681686479
20,pevek,69.7008,170.3133,-15.63,87,91,1.56,RU,1681686476
21,nikolskoye,59.7035,30.7861,6.56,63,100,1.48,RU,1681686512
22,atuona,-9.8,-139.0333,27.56,75,39,8.23,PF,1681686440
23,ushuaia,-54.8,-68.3,-0.37,94,64,1.24,AR,1681686469
24,yellowknife,62.456,-114.3525,7.29,42,40,7.72,CA,1681686328
25,east london,-33.0153,27.9116,17.28,76,7,3.73,ZA,1681686182
26,port alfred,-33.5906,26.891,17.57,71,2,3.68,ZA,1681686454
27,rikitea,-23.1203,-134.9692,26.33,82,5,5.8,PF,1681686515
28,laguna,38.421,-121.4238,21.73,46,0,4.12,US,1681686353
29,cervo,43.6702,-7.4101,12.2,81,100,9.25,ES,1681686515
30,beloha,-25.1667,45.05,18.38,72,81,2.71,MG,1681686516
31,hobart,-42.8794,147.3294,15.03,73,20,3.6,AU,1681685940
32,manesti,44.8667,25.85,11.75,89,100,6.02,RO,1681686517
33,busselton,-33.65,115.3333,19.77,72,40,8.13,AU,1681686517
34,morant bay,17.8815,-76.4093,27.06,77,19,4.06,JM,1681686518
35,vaini,-21.2,-175.2,25.09,83,100,6.17,TO,1681686475
36,barrow,71.2906,-156.7887,-18.99,78,0,5.14,US,1681686445
37,royan,45.6285,-1.0281,10.46,80,55,3.71,FR,1681686309
38,maniitsoq,65.4167,-52.9,-1.58,78,4,8.25,GL,1681686519
39,mangai,-4.05,19.5333,20.59,99,100,0.56,CD,1681686520
40,new norfolk,-42.7826,147.0587,14.84,73,73,1.1,AU,1681686494
41,lebu,-37.6167,-73.65,11.83,71,35,8.46,CL,1681686305
42,nanortalik,60.1432,-45.2371,1.75,78,95,0.63,GL,1681686522
43,butaritari,3.0707,172.7902,27.89,77,100,5.13,KI,1681686451
44,kapaa,22.0752,-159.319,27.99,72,20,4.63,US,1681686470
45,broome,42.2506,-75.833,23.43,60,100,4.12,US,1681686341
46,mataura,-46.1927,168.8643,16.15,52,40,1.27,NZ,1681686460
47,kapit,2.0167,112.9333,23.04,91,92,0.4,MY,1681686523
48,georgetown,5.4112,100.3354,26.97,94,20,1.54,MY,1681685987
49,faya,18.3851,42.4509,15.29,56,0,0.37,SA,1681686524
50,magadan,59.5667,150.8,0.85,84,83,1.37,RU,1681686524
51,lompoc,34.6391,-120.4579,19.27,70,0,8.05,US,1681686524
52,hambantota,6.1241,81.1185,25.84,84,10,1.35,LK,1681686525
53,calabozo,8.9242,-67.4293,32.96,37,100,1.33,VE,1681686525
54,plouzane,48.3833,-4.6167,10.03,79,0,2.57,FR,1681686525
55,bluff,-46.6,168.3333,14.1,67,69,3.11,NZ,1681686525
56,vrangel,42.7297,133.0839,4.07,92,100,3.5,RU,1681686525
57,vila franca do campo,37.7167,-25.4333,16.23,93,16,3.09,PT,1681686326
58,kruisfontein,-34.0033,24.7314,13.33,75,0,1.84,ZA,1681686526
59,lope de vega,12.2983,124.6238,26.53,77,54,0.97,PH,1681686526
60,hilo,19.7297,-155.09,27.93,78,75,8.75,US,1681686247
61,rio brilhante,-21.8019,-54.5464,23.01,90,35,2.13,BR,1681686527
62,vila velha,-20.3297,-40.2925,24.41,87,0,3.09,BR,1681686283
63,byron bay,-28.65,153.6167,23.73,71,61,6.92,AU,1681686528
64,salalah,17.0151,54.0924,26.72,71,0,1.65,OM,1681686480
65,envira,-7.3,-70.2167,23.41,97,100,0.17,BR,1681686528
66,yenagoa,4.9247,6.2642,25.56,86,100,1.92,NG,1681686528
67,avarua,-21.2078,-159.775,24.03,53,100,2.57,CK,1681686299
68,zyryanskoye,56.8306,86.6258,-5.43,87,100,4.83,RU,1681686529
69,bethel,41.3712,-73.414,20.57,77,0,2.57,US,1681686321
70,cavalcante,-13.7975,-47.4583,24.78,64,98,0.49,BR,1681686529
71,arraial do cabo,-22.9661,-42.0278,21.98,94,20,0.0,BR,1681686395
72,carnarvon,-24.8667,113.6333,20.32,34,19,4.82,AU,1681686355
73,balkanabat,39.5108,54.3671,10.1,35,9,1.32,TM,1681686530
74,sao felix do xingu,-6.6447,-51.995,23.18,97,98,0.64,BR,1681686530
75,sitka,57.0531,-135.33,10.94,40,40,3.6,US,1681686349
76,tuktoyaktuk,69.4541,-133.0374,-8.95,91,99,4.68,CA,1681686530
77,kirakira,-10.4544,161.9205,27.52,71,89,2.15,SB,1681686530
78,idil,37.3411,41.8895,9.96,93,0,3.6,TR,1681686531
79,gigmoto,13.7796,124.39,26.68,83,83,1.74,PH,1681686531
80,ilo,-17.6394,-71.3375,20.49,83,63,2.89,PE,1681686531
81,chara,56.9064,118.2631,-8.33,77,100,2.15,RU,1681686531
82,tynda,55.1667,124.7167,-2.67,93,100,1.59,RU,1681686532
83,hermanus,-34.4187,19.2345,16.42,70,0,3.68,ZA,1681686310
84,talnakh,69.4865,88.3972,-22.11,83,16,0.55,RU,1681686322
85,aswan,24.0934,32.907,25.61,13,0,5.14,EG,1681686349
86,qaanaaq,77.484,-69.3632,-16.47,84,4,1.95,GL,1681686532
87,petrolina de goias,-16.095,-49.3381,24.61,84,93,1.73,BR,1681686360
88,hasaki,35.7333,140.8333,12.94,81,99,7.92,JP,1681686337
89,itaituba,-4.2761,-55.9836,24.25,97,100,0.79,BR,1681686533
90,tessalit,20.1986,1.0114,26.86,7,0,3.85,ML,1681686453
91,nyagan,62.1406,65.3936,-24.38,100,15,1.4,RU,1681686534
92,cape town,-33.9258,18.4232,17.99,81,0,4.02,ZA,1681686534
93,the valley,18.217,-63.0578,26.57,78,40,3.09,AI,1681686317
94,longyearbyen,78.2186,15.6401,2.91,81,75,6.17,SJ,1681686319
95,khatanga,71.9667,102.5,-11.18,94,100,5.59,RU,1681686535
96,victoria,22.2855,114.1577,25.18,87,3,2.24,HK,1681686410
97,sola,-13.8833,167.55,27.85,73,92,6.38,VU,1681686072
98,coihaique,-45.5752,-72.0662,5.97,75,75,2.06,CL,1681686535
99,norman wells,65.282,-126.8329,-1.65,84,100,2.08,CA,1681686518
100,houma,29.5958,-90.7195,21.67,46,0,5.14,US,1681686536
101,dajal,29.5577,70.3762,29.24,26,61,5.07,PK,1681686536
102,itarema,-2.9248,-39.9167,28.28,76,100,5.79,BR,1681686536
103,mogadishu,2.0371,45.3438,28.24,70,97,3.89,SO,1681686113
104,port blair,11.6667,92.75,27.79,71,100,2.28,IN,1681686529
105,padang,-0.9492,100.3543,25.46,84,100,1.22,ID,1681686537
106,samarai,-10.6167,150.6667,27.58,70,100,1.53,PG,1681686537
107,altay,47.8667,88.1167,0.99,55,25,2.78,CN,1681686318
108,tiksi,71.6872,128.8694,-15.95,98,100,2.09,RU,1681686345
109,abu kamal,34.4506,40.9171,20.89,32,2,1.93,SY,1681686538
110,bredasdorp,-34.5322,20.0403,13.73,87,0,1.77,ZA,1681686294
111,albany,42.6001,-73.9662,21.68,63,69,0.89,US,1681686093
112,rawson,-43.3002,-65.1023,13.33,58,15,8.47,AR,1681686538
113,guaraniacu,-25.1008,-52.8781,18.78,98,72,1.59,BR,1681686539
114,mar del plata,-38.0023,-57.5575,13.38,70,46,0.45,AR,1681686405
115,solnechnyy,50.7214,136.6319,-1.22,74,81,3.73,RU,1681686516
116,emerald,-23.5333,148.1667,21.3,80,71,7.8,AU,1681686389
117,dikson,73.5069,80.5464,-19.41,100,100,4.04,RU,1681686435
118,jamestown,42.097,-79.2353,24.8,41,75,4.12,US,1681685664
119,camacha,33.0833,-16.3333,15.68,77,40,5.14,PT,1681686540
120,san patricio,28.017,-97.5169,26.15,33,0,6.09,US,1681686403
121,kodiak,57.79,-152.4072,0.99,95,97,5.46,US,1681686136
122,caraballeda,10.6112,-66.8522,27.04,83,75,1.54,VE,1681686315
123,naze,28.3667,129.4833,18.79,72,25,2.46,JP,1681686541
124,sao filipe,14.8961,-24.4956,24.46,75,28,4.04,CV,1681686541
125,bosaso,11.2842,49.1816,27.21,77,3,1.72,SO,1681686173
126,faanui,-16.4833,-151.75,27.33,73,6,2.45,PF,1681686541
127,umm kaddadah,13.6017,26.6876,28.73,11,63,8.61,SD,1681686542
128,kerema,-7.9631,145.7785,29.73,66,78,0.65,PG,1681686546
129,kudahuvadhoo,2.6708,72.8944,27.83,73,51,0.99,MV,1681686547
130,cabo san lucas,22.8909,-109.9124,28.17,36,0,5.14,MX,1681686241
131,mitsamiouli,-11.3847,43.2844,28.43,70,56,1.93,KM,1681686548
132,el juncal,15.45,-86.4333,30.74,51,5,2.59,HN,1681686552
133,tarakan,3.3,117.6333,25.72,94,20,2.06,ID,1681686554
134,chokurdakh,70.6333,147.9167,-14.67,93,45,1.25,RU,1681686564
135,kibala,9.1104,18.3463,29.14,47,57,3.49,TD,1681686575
136,paragominas,-2.9667,-47.4833,23.34,95,89,1.41,BR,1681686458
137,vostok,46.4856,135.8833,0.89,55,100,1.62,RU,1681686586
138,upernavik,72.7868,-56.1549,-15.06,98,99,3.95,GL,1681686461
139,tuatapere,-46.1333,167.6833,16.13,68,85,2.57,NZ,1681686594
140,tocopilla,-22.092,-70.1979,20.71,78,11,6.32,CL,1681686594
141,omsukchan,62.5333,155.8,-5.79,91,100,1.47,RU,1681686594
142,torbay,47.6666,-52.7314,0.77,85,65,2.29,CA,1681686597
143,castro,-24.7911,-50.0119,16.73,95,17,1.96,BR,1681686598
144,clyde river,70.4692,-68.5914,-18.96,84,0,3.05,CA,1681686598
145,manaure,11.7751,-72.4445,29.03,62,93,7.14,CO,1681686599
146,lensk,60.7253,114.9278,-11.86,80,10,3.59,RU,1681686531
147,rocha,-34.4833,-54.3333,13.18,68,100,1.98,UY,1681686599
148,muswellbrook,-32.2667,150.9,19.63,51,0,1.66,AU,1681686600
149,helena,46.5927,-112.0361,18.55,20,0,8.23,US,1681686600
150,merauke,-8.4667,140.3333,26.91,87,59,1.19,ID,1681686517
151,hithadhoo,-0.6,73.0833,28.49,69,79,1.78,MV,1681686292
152,balaipungut,1.05,101.2833,24.11,94,99,0.89,ID,1681686601
153,severo-kurilsk,50.6789,156.125,1.42,97,100,14.47,RU,1681686606
154,dickinson,29.4608,-95.0513,25.08,32,0,6.17,US,1681686608
155,saskylakh,71.9167,114.0833,-12.49,95,100,5.07,RU,1681686609
156,zapolyarnyy,69.4154,30.8136,0.6,94,53,3.61,RU,1681686613
157,grand gaube,-20.0064,57.6608,24.1,81,28,0.45,MU,1681686614
158,dingle,10.9995,122.6711,26.62,82,24,1.37,PH,1681686615
159,severodvinsk,64.5635,39.8302,-3.94,96,64,1.89,RU,1681686620
160,bodden town,19.2833,-81.25,29.0,75,20,3.09,KY,1681686623
161,pangnirtung,66.1451,-65.7125,-11.83,99,100,0.96,CA,1681686623
162,portel,-1.9356,-50.8211,24.57,94,88,0.98,BR,1681686623
163,saldanha,-33.0117,17.9442,15.76,77,0,4.37,ZA,1681686470
164,maragogi,-9.0122,-35.2225,26.41,83,44,3.66,BR,1681686625
165,marawi,7.9986,124.2928,22.38,86,40,0.48,PH,1681686625
166,jining,35.405,116.5814,14.26,54,59,6.94,CN,1681686626
167,peleduy,59.6289,112.7406,-13.33,89,27,1.52,RU,1681686634
168,skibbereen,51.55,-9.2667,10.62,97,73,3.03,IE,1681686258
169,havre-saint-pierre,50.2334,-63.5986,1.86,73,100,2.01,CA,1681686488
170,hamamatsu,34.7,137.7333,13.79,55,4,9.05,JP,1681686638
171,taoudenni,22.6783,-3.9836,30.24,7,0,2.13,ML,1681686639
172,narsaq,60.9167,-46.05,9.12,63,60,5.58,GL,1681686543
173,tasiilaq,65.6145,-37.6368,2.09,82,100,5.1,GL,1681686467
174,terre-de-bas,15.8501,-61.6442,25.73,73,23,4.38,GP,1681686643
175,asyut,27.181,31.1837,22.52,16,0,2.16,EG,1681686644
176,gunupur,19.0833,83.8167,29.12,51,16,0.7,IN,1681686382
177,saint pete beach,27.7253,-82.7412,27.33,72,0,2.57,US,1681686645
178,puerto ayora,-0.7393,-90.3518,27.53,89,100,0.89,EC,1681686300
179,fairview,40.8126,-73.999,19.97,75,0,4.12,US,1681686427
180,saint anthony,45.0205,-93.218,0.88,89,100,10.29,US,1681686454
181,along,28.1667,94.7667,19.16,74,10,1.2,IN,1681686646
182,rafraf,37.1904,10.1837,13.17,76,12,9.79,TN,1681686646
183,lucapa,-8.4192,20.7447,19.04,97,100,1.25,AO,1681686646
184,fort smith,35.3859,-94.3986,20.02,23,0,6.17,US,1681686647
185,santa rosa de cabal,4.8681,-75.6214,14.72,99,100,0.28,CO,1681686647
186,polunochnoye,60.8697,60.4153,-4.39,97,100,0.48,RU,1681686647
187,north branch,45.5113,-92.9802,1.66,90,100,6.71,US,1681686648
188,jagalur,14.5333,76.35,23.49,73,10,3.6,IN,1681686648
189,fortuna,40.5982,-124.1573,13.32,79,91,3.92,US,1681686648
190,rio grande,-32.035,-52.0986,20.06,88,100,5.37,BR,1681686097
191,beringovskiy,63.05,179.3167,-11.5,87,37,1.12,RU,1681686649
192,fairbanks,64.8378,-147.7164,0.33,62,75,5.14,US,1681686611
193,provideniya,64.3833,-173.3,-4.94,42,0,3.0,RU,1681686649
194,chalons-en-champagne,48.9539,4.3672,7.04,94,98,3.47,FR,1681686649
195,chuy,-33.6971,-53.4616,15.37,73,100,3.41,UY,1681686342
196,biak,-0.9131,122.8766,26.05,79,39,1.52,ID,1681686650
197,kristiinankaupunki,62.2743,21.376,-2.72,88,69,2.79,FI,1681686650
198,sandnessjoen,66.0217,12.6316,4.25,90,100,0.89,NO,1681686448
199,belyy yar,53.6039,91.3903,-7.06,73,0,1.0,RU,1681686651
200,olpad,21.3333,72.75,26.8,70,4,1.31,IN,1681686651
201,westport,41.1415,-73.3579,19.25,85,88,1.79,US,1681686651
202,port lincoln,-34.7333,135.8667,16.14,81,6,6.08,AU,1681686348
203,korla,41.7597,86.1469,14.78,38,94,3.73,CN,1681686652
204,little current,45.9793,-81.9248,14.67,86,77,3.71,CA,1681686578
205,alvorada,-12.48,-49.1247,25.45,83,65,0.64,BR,1681686652
206,agadir,30.4202,-9.5982,17.25,58,6,1.58,MA,1681686652
207,palembang,-2.9167,104.7458,24.05,94,75,1.54,ID,1681686653
208,boguchany,58.3814,97.4531,-10.73,97,87,1.51,RU,1681686480
209,zhigansk,66.7697,123.3711,-6.79,86,97,1.43,RU,1681686653
210,madang,-5.2246,145.7966,26.85,85,99,0.8,PG,1681686653
211,airai,-8.9266,125.4092,16.95,94,100,0.59,TL,1681686654
212,abnub,27.2696,31.1511,23.27,16,0,3.55,EG,1681686654
213,cherskiy,68.75,161.3,-5.43,70,32,2.84,RU,1681686522
214,tshikapa,-6.4167,20.8,21.72,97,100,0.97,CD,1681686654
215,pochutla,15.7432,-96.4661,31.01,53,30,3.37,MX,1681686655
216,andros,37.8333,24.9333,15.54,81,100,5.09,GR,1681686655
217,wangkui,46.8333,126.5,6.39,32,32,4.41,CN,1681686655
218,biloela,-24.4167,150.5,24.09,50,100,3.35,AU,1681686655
219,klyuchi,52.2667,79.1667,-3.77,94,100,4.81,RU,1681686353
220,junction city,39.0286,-96.8314,18.0,19,0,7.72,US,1681686656
221,havelian,34.0536,73.1657,20.46,44,95,3.88,PK,1681686656
222,nantucket,41.2835,-70.0995,13.08,94,100,4.12,US,1681686629
223,susanville,40.4163,-120.653,16.91,17,0,8.23,US,1681686657
224,stonewall,50.1344,-97.3268,9.45,47,0,6.06,CA,1681686657
225,balotra,25.8333,72.2333,27.3,44,2,4.6,IN,1681686436
226,camocim,-2.9022,-40.8411,28.04,79,100,5.96,BR,1681686658
227,bandarbeyla,9.4942,50.8122,27.11,73,51,2.42,SO,1681686461
228,ca mau,9.1769,105.15,25.62,86,51,1.3,VN,1681686658
229,fort nelson,58.8053,-122.7002,9.23,61,100,2.2,CA,1681686658
230,hofn,64.2539,-15.2082,6.42,100,100,3.05,IS,1681686659
231,te anau,-45.4167,167.7167,16.08,65,96,1.66,NZ,1681686650
232,bathsheba,13.2167,-59.5167,26.34,73,40,6.69,BB,1681686661
233,natal,-5.795,-35.2094,25.36,94,75,1.54,BR,1681686644
234,kaeo,-35.1,173.7833,21.29,80,73,8.41,NZ,1681686661
235,asfi,32.2994,-9.2372,17.69,77,0,5.84,MA,1681686662
236,buchanan,5.8808,-10.0467,26.57,84,75,1.6,LR,1681686662
237,shaunavon,49.6501,-108.4181,11.74,48,15,6.58,CA,1681686663
238,gorodovikovsk,46.0878,41.9335,3.5,45,91,7.49,RU,1681686663
239,geraldton,-28.7667,114.6,12.23,94,100,2.06,AU,1681686398
240,ribas do rio pardo,-20.4431,-53.7592,23.9,84,97,1.58,BR,1681686664
241,anadyr,64.75,177.4833,-13.72,84,0,2.0,RU,1681686332
242,mananara,-16.1667,49.7667,23.32,92,70,2.14,MG,1681686373
243,tupelo,34.2576,-88.7034,18.9,54,6,5.8,US,1681686022
244,glendive,47.1053,-104.7125,16.79,21,0,5.14,US,1681686667
245,goderich,43.7501,-81.7165,12.73,98,89,6.73,CA,1681686668
246,mortka,59.3322,66.0214,-9.97,57,66,4.33,RU,1681686668
247,santa isabel do rio negro,-0.4139,-65.0192,22.72,99,100,0.85,BR,1681686535
248,kahului,20.8947,-156.47,29.01,51,40,5.66,US,1681686517
249,vardo,70.3705,31.1107,-0.01,59,70,3.09,NO,1681686670
250,abu samrah,35.3029,37.1841,18.27,43,82,0.29,SY,1681686671
251,sechura,-5.5569,-80.8222,27.65,72,95,4.79,PE,1681686671
252,kamenka,51.3223,42.7678,4.79,52,48,1.96,RU,1681686497
253,merzifon,40.8733,35.4631,7.7,93,75,1.54,TR,1681686672
254,bilma,18.6853,12.9164,29.58,10,100,3.47,NE,1681686672
255,namibe,-15.1961,12.1522,24.42,76,12,1.35,AO,1681686320
256,lorengau,-2.0226,147.2712,26.5,83,99,2.87,PG,1681686337
257,viedma,-40.8135,-62.9967,14.94,33,83,4.07,AR,1681686674
258,tecolutla,20.4833,-97.0167,25.92,82,23,6.81,MX,1681686674
259,harper,4.375,-7.7169,27.18,84,67,3.04,LR,1681686675
260,marakkanam,12.2,79.95,26.03,76,63,4.17,IN,1681686676
261,minyar,55.0709,57.5485,-1.88,82,4,1.06,RU,1681686676
262,ibra,22.6906,58.5334,27.16,27,2,0.61,OM,1681686677
263,klaksvik,62.2266,-6.589,8.51,95,97,7.78,FO,1681686677
264,mount isa,-20.7333,139.5,16.87,48,0,6.69,AU,1681686650
265,sabha,27.0377,14.4283,22.63,17,68,0.37,LY,1681686678
266,aykhal,66.0,111.5,-6.76,97,100,2.42,RU,1681686298
267,lagoa,39.05,-27.9833,15.0,67,12,7.65,PT,1681686679
268,catuday,16.2923,119.8062,26.49,77,43,2.08,PH,1681686679
269,los llanos de aridane,28.6585,-17.9182,16.86,86,40,7.2,ES,1681686524
270,hargeysa,9.56,44.065,23.71,58,62,3.15,SO,1681686681
271,yeppoon,-23.1333,150.7333,24.88,69,97,3.27,AU,1681686476
272,touros,-5.1989,-35.4608,26.21,87,100,4.54,BR,1681686405
273,sobolevo,54.4299,31.8996,5.47,86,100,2.28,RU,1681686683
274,coahuayana,18.7333,-103.6833,31.18,50,0,3.33,MX,1681686684
275,naryan-mar,67.6713,53.087,-8.06,96,94,2.4,RU,1681686684
276,ilulissat,69.2167,-51.1,-3.99,86,100,3.09,GL,1681686334
277,laela,-8.5667,32.05,15.34,96,72,2.07,TZ,1681686685
278,kavieng,-2.5744,150.7967,28.07,78,92,4.13,PG,1681686382
279,khandagayty,50.7333,92.05,-4.52,68,74,0.67,RU,1681686686
280,mackay,-21.15,149.2,25.93,64,62,4.51,AU,1681686687
281,beitbridge,-22.2167,30.0,16.85,76,0,1.64,ZW,1681686688
282,ambon,-3.6954,128.1814,26.08,83,20,2.06,ID,1681686446
283,talcahuano,-36.7167,-73.1167,12.82,62,0,6.69,CL,1681686688
284,calape,9.8922,123.8748,27.8,74,32,0.95,PH,1681686689
285,ancud,-41.8697,-73.8203,9.57,77,94,2.45,CL,1681686467
286,sitrah,26.1547,50.6206,24.97,61,0,2.06,BH,1681686689
287,mayor pablo lagerenza,-19.9309,-60.7718,22.38,88,91,2.31,PY,1681686690
288,sur,22.5667,59.5289,27.29,60,0,1.05,OM,1681686408
289,camopi,3.1655,-52.3158,23.02,99,99,0.97,GF,1681686691
290,kolo,52.2002,18.6387,6.34,91,57,3.3,PL,1681686693
291,gvardeysk,54.6477,21.0651,6.03,96,100,2.04,RU,1681686693
292,lata,40.1629,-8.3327,14.49,63,7,1.74,PT,1681686351
293,los lunas,34.8062,-106.7334,24.25,10,0,0.45,US,1681686474
294,sao jose do rio preto,-20.8197,-49.3794,22.75,75,7,1.33,BR,1681686695
295,souillac,-20.5167,57.5167,23.21,94,40,2.06,MU,1681686696
296,acajutla,13.5928,-89.8275,29.51,64,82,2.85,SV,1681686372
297,santa isabel,-23.3156,-46.2214,21.61,97,14,1.11,BR,1681686527
298,quatre cocos,-20.2078,57.7625,23.94,83,39,2.54,MU,1681686697
299,mahebourg,-20.4081,57.7,24.03,94,40,2.06,MU,1681686474
300,chavakkad,10.5333,76.05,26.68,84,2,1.44,IN,1681686698
301,clinton,42.587,-82.9199,12.18,77,100,8.75,US,1681686699
302,alofi,-19.0595,-169.9187,25.73,73,100,8.88,NU,1681686699
303,santa cruz,-17.8,-63.1667,23.7,88,40,2.06,BO,1681686461
304,kavaratti,10.5669,72.642,28.37,75,3,2.71,IN,1681686342
305,ponta do sol,32.6667,-17.1,19.45,76,60,1.78,PT,1681686700
306,amravati,20.9333,77.75,30.32,26,10,2.25,IN,1681686438
307,quesnel,52.9999,-122.5029,11.41,68,100,6.32,CA,1681686641
308,gamba,-2.65,10.0,25.13,91,100,1.85,GA,1681686667
309,porto santo,33.072,-16.3415,17.21,77,40,5.14,PT,1681686701
310,marion,39.7684,-86.1555,8.35,76,100,12.35,US,1681686408
311,bordighera,43.7806,7.6645,16.16,60,22,2.43,IT,1681686702
312,wajima,37.4,136.9,8.69,67,100,4.36,JP,1681686702
313,raudeberg,61.9875,5.1352,4.98,75,83,0.48,NO,1681686702
314,ola,59.5833,151.2833,1.19,80,88,3.64,RU,1681686647
315,ambilobe,-13.2,49.05,22.24,94,8,1.45,MG,1681686703
316,namatanai,-3.6667,152.4333,27.29,75,96,1.67,PG,1681686703
317,odweyne,9.4092,45.064,25.18,53,33,1.64,SO,1681686703
318,ko samui,9.5357,99.9357,28.92,70,70,2.46,TH,1681686410
319,kaniama,-7.5667,24.1833,19.15,98,100,1.78,CD,1681686704
320,pisco,-13.7,-76.2167,25.03,69,99,11.32,PE,1681686177
321,bilibino,68.0546,166.4372,-10.49,56,83,1.06,RU,1681686324
322,harlingen,26.1906,-97.6961,25.11,65,0,8.75,US,1681686580
323,nadym,65.5333,72.5167,-22.58,86,43,6.53,RU,1681686404
324,batagay-alyta,67.8006,130.4114,-9.23,92,96,0.97,RU,1681686707
325,general roca,-39.0333,-67.5833,15.35,41,1,2.04,AR,1681686707
326,karratha,-20.7377,116.8463,20.59,35,1,5.39,AU,1681686384
327,komsomolskiy,40.4272,71.7189,17.4,39,75,3.09,UZ,1681686707
328,khor,47.8861,134.9464,2.14,58,100,5.99,RU,1681686708
329,aksarka,66.5606,67.7975,-27.29,100,22,1.72,RU,1681686708
330,colac,-38.3333,143.5833,12.69,76,61,3.84,AU,1681686709
331,makat,47.6469,53.3463,5.06,51,0,3.08,KZ,1681686709
332,yeniseysk,58.4497,92.1703,-10.5,94,99,1.71,RU,1681686709
333,hamilton,39.1834,-84.5333,11.15,66,75,7.72,US,1681686198
334,cururupu,-1.8283,-44.8683,23.81,96,69,1.07,BR,1681686538
335,warmbad,-28.45,18.7333,21.67,18,0,4.06,NA,1681686710
336,yerbogachen,61.2767,108.0108,-15.84,93,31,1.77,RU,1681686472
337,tongchuan,35.0806,109.0897,17.03,56,81,0.65,CN,1681686710
338,waipawa,-41.4122,175.5153,15.64,67,100,5.17,NZ,1681686558
339,lola,7.8,-8.5333,24.01,79,99,1.53,GN,1681686711
340,vestmannaeyjar,63.4427,-20.2734,8.67,97,100,11.32,IS,1681686711
341,reconquista,-29.15,-59.65,19.23,78,70,2.54,AR,1681686156
342,port moresby,-9.4431,147.1797,26.55,75,100,0.61,PG,1681686711
343,miaray,7.5747,125.0444,23.86,87,84,1.14,PH,1681686711
344,nizhniy tsasuchey,50.5167,115.1333,-0.41,39,88,5.11,RU,1681686712
345,mims,28.6653,-80.8448,27.32,77,40,2.57,US,1681686712
346,riviere-au-renard,48.9957,-64.3971,2.26,87,87,5.22,CA,1681686712
347,bundaberg,-24.85,152.35,27.9,73,43,1.89,AU,1681686712
348,finschhafen,-6.6024,147.8681,27.95,71,74,1.96,PG,1681686712
349,synya,65.3718,58.0387,-1.78,98,100,1.74,RU,1681686713
350,moose factory,51.2585,-80.6094,0.81,97,100,4.16,CA,1681686713
351,yaransk,57.3033,47.8861,2.94,69,98,1.38,RU,1681686713
352,ostrovnoy,68.0531,39.5131,-6.16,91,5,4.53,RU,1681686713
353,kambove,-10.8764,26.5969,15.59,97,75,2.69,CD,1681686714
354,ojinaga,29.5667,-104.4167,28.53,24,0,6.17,MX,1681686568
355,dubbo,-32.25,148.6167,13.07,76,0,5.66,AU,1681686400
356,aklavik,68.2191,-135.0107,-11.37,91,100,7.17,CA,1681686714
357,eyl,7.9803,49.8164,27.18,74,56,4.43,SO,1681686356
358,kristiansund,63.1115,7.732,6.36,70,84,2.06,NO,1681686715
359,biltine,14.5333,20.9167,31.79,14,79,5.5,TD,1681686715
360,saint george,37.1041,-113.5841,26.64,14,0,5.66,US,1681686715
361,qasigiannguit,68.8193,-51.1922,-3.86,98,29,2.36,GL,1681686716
362,codrington,-38.2667,141.9667,14.59,81,29,5.98,AU,1681686492
363,anchorage,61.2181,-149.9003,8.85,48,0,2.24,US,1681686465
364,uyemskiy,64.4743,40.8524,-3.97,79,0,2.0,RU,1681686717
365,isangel,-19.55,169.2667,30.06,79,75,3.09,VU,1681686467
366,dodge city,37.7528,-100.0171,20.69,18,0,8.75,US,1681686718
367,beihai,21.4833,109.1,23.96,86,82,4.45,CN,1681686718
368,asau,46.4333,26.4,8.51,98,100,2.08,RO,1681686258
369,la ronge,55.1001,-105.2842,3.39,97,100,3.18,CA,1681686461
370,sovetsk,55.0839,21.8785,5.06,95,100,1.75,RU,1681686718
371,kaseda,31.4167,130.3167,15.49,64,5,3.83,JP,1681686718
372,sao joao da barra,-21.6403,-41.0511,24.05,96,17,1.85,BR,1681686645
373,cayenne,4.9333,-52.3333,26.02,89,75,1.54,GF,1681686719
374,road town,18.4167,-64.6167,26.05,73,20,3.6,VG,1681686655
375,makakilo city,21.3469,-158.0858,28.18,63,0,5.14,US,1681686720
376,marsa matruh,31.3525,27.2453,20.18,47,2,3.85,EG,1681686720
377,sao gabriel da cachoeira,-0.1303,-67.0892,22.52,99,97,2.07,BR,1681686720
378,sunbury,-37.5833,144.7333,14.39,75,20,6.69,AU,1681686720
379,zatoka,46.0725,30.4654,8.94,76,100,8.94,UA,1681686721
380,lisakovsk,52.5369,62.4936,-0.86,57,4,5.26,KZ,1681686722
381,same,-4.0667,37.7333,19.1,97,66,1.25,TZ,1681686723
382,wabag,-5.4781,143.7021,17.63,73,18,0.52,PG,1681686724
383,inuvik,68.3499,-133.7218,-7.25,92,100,5.31,CA,1681686631
384,hit,33.6416,42.8251,21.45,34,0,2.92,IQ,1681686725
385,jiaozuo,35.2397,113.2331,18.06,77,81,0.75,CN,1681686726
386,arlit,18.7369,7.3853,29.79,11,3,4.97,NE,1681686726
387,verkh-suetka,53.3,80.05,-3.44,79,100,2.55,RU,1681686727
388,rensvik,63.1,7.8167,6.15,70,80,2.06,NO,1681686727
389,saint-pierre,-21.3393,55.4781,23.82,78,0,2.06,RE,1681686387
390,katsuura,35.1333,140.3,13.71,71,32,5.93,JP,1681686729
391,paranaiba,-19.6772,-51.1908,24.03,80,32,0.38,BR,1681686730
392,bud,39.447,-86.1758,8.15,79,100,7.45,US,1681686730
393,wysokie mazowieckie,52.9166,22.5171,6.14,90,100,3.01,PL,1681686731
394,lebedinyy,58.5167,125.5167,-4.76,96,100,3.08,RU,1681686732
395,kijang,35.2442,129.2139,11.89,56,22,1.52,KR,1681686732
396,alice springs,-23.7,133.8833,10.75,87,0,2.06,AU,1681686235
397,northam,51.0333,-4.2167,11.45,93,93,2.16,GB,1681686402
398,poum,-20.2333,164.0167,26.27,85,91,9.82,NC,1681686733
399,ipixuna,-1.7625,-48.8043,24.55,95,100,1.4,BR,1681686734
400,wanning,18.8003,110.3967,24.46,93,74,2.38,CN,1681686735
401,itapetininga,-23.5917,-48.0531,19.28,89,9,1.58,BR,1681686735
402,deputatskiy,69.3,139.9,-13.29,93,91,1.17,RU,1681686442
403,leningradskiy,69.3833,178.4167,-12.9,85,32,2.57,RU,1681686532
404,avila,40.5833,-5.0,7.74,56,0,0.54,ES,1681686736
405,yumen,40.2833,97.2,10.17,55,67,2.5,CN,1681686737
406,san lawrenz,36.0553,14.204,14.36,78,0,2.24,MT,1681686737
407,kafue,-15.7691,28.1814,16.15,78,100,2.29,ZM,1681686738
408,arona,28.0996,-16.681,16.29,83,75,3.6,ES,1681686531
409,mundo nuevo,18.7,-95.5,27.32,80,17,6.35,MX,1681686739
410,askiz,53.1319,90.5264,-8.59,92,63,0.47,RU,1681686739
411,olga,43.7444,135.2892,2.15,95,100,2.71,RU,1681686740
412,chitral,35.8462,71.7858,12.57,80,91,0.81,PK,1681686740
413,bakel,14.905,-12.4568,34.56,20,25,3.07,SN,1681686740
414,esso,55.9333,158.7,-1.2,90,100,3.82,RU,1681686741
415,tortoli,39.9256,9.6572,11.22,58,15,3.34,IT,1681686742
416,hauge,58.3436,6.2812,6.32,89,90,1.69,NO,1681686742
417,bengkulu,-3.8004,102.2655,24.25,89,100,1.41,ID,1681686679
418,ballina,-28.8667,153.5667,23.77,71,68,7.32,AU,1681686743
419,quchan,37.106,58.5095,7.26,63,100,5.39,IR,1681686743
420,pierre,44.3683,-100.351,13.51,28,0,5.14,US,1681686744
421,dhidhdhoo,6.8833,73.1,27.97,76,3,1.94,MV,1681686443
422,oksfjord,70.2396,22.3479,2.1,99,100,1.93,NO,1681686745
423,srandakan,-7.9386,110.2506,24.32,89,44,1.54,ID,1681686746
424,cidreira,-30.1811,-50.2056,21.45,89,68,2.86,BR,1681686403
425,ketchikan,55.3422,-131.6461,9.26,61,100,5.66,US,1681686468
426,derzhavinsk,51.1,66.3167,-3.51,75,100,6.45,KZ,1681686747
427,lima,-12.0432,-77.0282,25.14,69,0,7.72,PE,1681685908
428,hailey,43.5196,-114.3153,12.92,38,0,5.81,US,1681686748
429,bunol,39.4167,-0.7833,12.64,42,1,1.62,ES,1681686748
430,yaan,7.3833,8.5667,29.34,60,100,5.5,NG,1681686749
431,skegness,53.1436,0.3363,10.59,85,100,3.87,GB,1681686749
432,lebork,54.5392,17.7501,6.38,91,100,2.77,PL,1681686750
433,miraflores,19.2167,-98.8083,25.36,24,89,4.35,MX,1681686751
434,tevaitoa,-16.7833,-151.5,26.95,76,17,2.54,PF,1681686751
435,katherine,-14.4667,132.2667,21.18,64,87,4.63,AU,1681686752
436,gullhaug,59.5,10.25,5.87,87,45,2.26,NO,1681686752
437,shenjiamen,29.9576,122.298,14.53,93,2,7.03,CN,1681686753
438,haines city,28.1142,-81.6179,29.36,66,20,4.63,US,1681686753
439,cowra,-33.8333,148.6833,13.38,65,0,1.36,AU,1681686754
440,kargasok,59.0556,80.8572,-14.76,93,100,3.49,RU,1681686754
441,slave lake,55.2834,-114.769,14.23,35,15,5.86,CA,1681686755
442,luanda,-8.8368,13.2343,26.0,89,75,1.03,AO,1681686757
443,barranca,-10.75,-77.7667,24.48,77,100,3.97,PE,1681686758
444,guaruja,-23.9931,-46.2564,25.5,26,47,0.89,BR,1681686758
445,ndjole,-0.1783,10.7649,23.72,97,100,0.76,GA,1681686759
446,bluefield,37.2698,-81.2223,16.76,72,100,8.23,US,1681686760
447,esperance,-33.8667,121.9,15.9,72,0,5.33,AU,1681686760
448,tacuati,-23.45,-56.5833,22.43,98,18,0.61,PY,1681686760
449,changying,52.8733,123.3213,4.05,51,100,3.65,CN,1681686761
450,yubari,43.0378,141.9578,1.29,78,100,5.53,JP,1681686761
451,san quintin,30.4833,-115.95,16.63,70,1,7.08,MX,1681686762
452,luangwa,-15.6167,30.4167,21.5,78,100,2.91,ZM,1681686762
453,datong,40.0936,113.2914,10.74,39,66,1.83,CN,1681686762
454,shubarkuduk,49.1447,56.4872,-5.62,91,7,1.6,KZ,1681686762
455,astolfo dutra,-21.3153,-42.8622,20.85,86,27,0.81,BR,1681686763
456,kodinsk,58.6881,99.1844,-11.17,99,95,1.17,RU,1681686763
457,panguna,-6.3164,155.4848,26.17,53,90,0.24,PG,1681686763
458,bubaque,11.2833,-15.8333,25.88,74,6,8.88,GW,1681686764
459,bose,45.4612,8.0137,11.77,70,40,2.0,IT,1681686764
460,anori,-3.7728,-61.6442,24.82,94,95,1.31,BR,1681686764
461,ternate,0.8,127.4,27.89,76,68,1.92,ID,1681686764
462,raga,8.4596,25.678,28.07,34,99,1.81,SS,1681686765
463,saint-leu,-21.15,55.2833,24.46,93,6,1.32,RE,1681686765
464,tautira,-17.7333,-149.15,27.45,75,32,3.59,PF,1681686765
465,grindavik,63.8424,-22.4338,9.39,93,100,7.2,IS,1681686766
466,ibotirama,-12.1853,-43.2206,27.85,36,67,0.82,BR,1681686672
467,cabedelo,-6.9811,-34.8339,23.37,88,100,3.02,BR,1681686649
468,kattivakkam,13.2167,80.3167,27.82,87,21,4.33,IN,1681686412
469,bom jesus do galho,-19.8289,-42.3161,21.1,81,12,1.61,BR,1681686766
470,korsor,55.3299,11.1386,6.83,84,45,4.32,DK,1681686767
471,ixtapa,20.7,-105.2,25.57,78,40,6.69,MX,1681686605
472,husavik,66.0449,-17.3389,4.57,94,100,4.04,IS,1681686767
473,mehnagar,25.8833,83.1167,29.17,12,0,2.67,IN,1681686767
474,myronivka,49.6601,30.9823,7.95,76,100,3.63,UA,1681686767
475,mae ramat,16.984,98.5166,22.43,89,99,0.18,TH,1681686768
476,burnie,-41.0667,145.9167,13.3,91,95,4.7,AU,1681686768
477,paso de los toros,-32.8167,-56.5167,16.25,71,96,1.96,UY,1681686768
478,avera,33.194,-82.5271,22.73,83,89,6.84,US,1681686769
479,gushikawa,26.3544,127.8686,21.57,88,0,2.0,JP,1681686769
480,dumas,35.8656,-101.9732,20.3,14,0,2.57,US,1681686610
481,olafsvik,64.8945,-23.7142,7.22,97,100,6.45,IS,1681686769
482,college,64.8569,-147.8028,0.32,62,75,5.14,US,1681686352
483,glace bay,46.1969,-59.957,6.75,74,61,0.89,CA,1681686770
484,arroio do meio,-29.4011,-51.945,21.85,93,25,0.65,BR,1681686770
485,shache,38.4167,77.2406,16.84,22,60,4.18,CN,1681686770
486,veraval,20.9,70.3667,25.45,77,0,4.73,IN,1681686771
487,kanniyakumari,8.0833,77.5667,26.87,83,1,3.08,IN,1681686771
488,prince rupert,54.3161,-130.3201,6.83,86,100,10.8,CA,1681686391
489,guanica,17.9716,-66.908,26.65,75,52,3.01,PR,1681686771
490,carballo,43.213,-8.691,16.68,92,61,1.2,ES,1681686771
491,kintampo,8.0563,-1.7306,27.42,61,90,0.46,GH,1681686772
492,weligama,5.9667,80.4167,25.09,83,20,1.17,LK,1681686772
493,san cristobal,7.7669,-72.225,23.1,71,100,0.93,VE,1681686772
494,eureka,40.8021,-124.1637,13.47,83,84,3.13,US,1681686721
495,la rioja,42.25,-2.5,3.88,65,1,1.98,ES,1681686773
496,dawei,14.0833,98.2,23.97,93,88,1.05,MM,1681686773
497,kulhudhuffushi,6.6221,73.07,27.85,77,10,1.82,MV,1681686536
498,kismayo,-0.3582,42.5454,27.61,76,87,4.76,SO,1681686774
499,daan,33.0558,106.2958,18.41,81,32,0.78,CN,1681686774
500,zalantun,48.0,122.7167,5.6,41,96,1.97,CN,1681686775
501,kualakapuas,-3.0091,114.3876,23.99,96,98,0.74,ID,1681686775
502,mbandaka,0.0487,18.2603,22.15,98,100,1.9,CD,1681686775
503,brenham,30.1669,-96.3977,22.28,32,0,4.24,US,1681686669
504,camacupa,-12.0167,17.4833,18.58,76,98,1.13,AO,1681686658
505,whitehorse,60.7161,-135.0538,5.61,55,75,5.66,CA,1681686328
506,sukhobezvodnoye,57.0491,44.8891,3.81,63,100,0.72,RU,1681686776
507,gull lake,50.1001,-108.4847,13.54,39,23,6.65,CA,1681686776
508,buta,2.7858,24.73,20.4,99,100,0.92,CD,1681686776
509,bella union,-30.2752,-57.6007,19.44,68,84,3.07,UY,1681686776
510,sterling,39.0062,-77.4286,25.19,59,75,5.14,US,1681686550
511,lara,-38.0167,144.4,15.71,75,75,5.14,AU,1681686777
512,ravenna,44.4167,11.9833,10.5,81,73,1.82,IT,1681686777
513,ostersund,63.1792,14.6357,2.25,87,83,2.06,SE,1681686048
514,kitimat,54.0524,-128.6534,7.73,51,100,0.89,CA,1681686778
515,sindor,62.8629,51.8905,-5.23,99,80,2.08,RU,1681686778
516,macau,22.2006,113.5461,25.48,94,40,1.54,MO,1681686730
517,port hawkesbury,45.6169,-61.3485,6.62,96,100,4.12,CA,1681686779
518,cockburn town,21.4612,-71.1419,25.33,74,4,9.44,TC,1681686385
519,vaxjo,56.8777,14.8091,3.03,70,58,1.54,SE,1681686779
520,udagamandalam,11.4,76.7,11.86,54,0,0.6,IN,1681686780
521,temizhbekskaya,45.4456,40.845,5.25,51,100,9.54,RU,1681686780
522,horta,38.5333,-28.6333,15.57,71,29,5.36,PT,1681686781
523,portland,45.5234,-122.6762,11.39,85,100,5.14,US,1681686129
524,povolzhskiy,53.5854,49.7629,0.79,63,8,2.24,RU,1681686781
525,saint-louis,16.3333,-15.0,32.72,28,28,7.63,SN,1681686782
526,mehamn,71.0357,27.8492,2.97,87,40,0.51,NO,1681686782
527,acapulco,16.8634,-99.8901,29.9,66,40,2.06,MX,1681686782
528,mount gambier,-37.8333,140.7667,14.9,86,69,3.82,AU,1681686299
529,arkhipo-osipovka,44.37,38.52,7.81,84,93,4.97,RU,1681686784
530,manokwari,-0.8667,134.0833,27.38,72,72,2.51,ID,1681686489
531,hearst,49.6835,-83.6665,0.73,98,100,4.24,CA,1681686785
532,beinamar,8.6698,15.3813,26.78,57,94,2.11,TD,1681686786
533,san juan,-31.5375,-68.5364,17.67,51,62,3.47,AR,1681686787
534,alice town,25.7167,-79.3,26.16,76,4,5.66,BS,1681686790
535,buala,-8.145,159.5921,28.36,67,60,1.37,SB,1681686790
536,roald,62.5833,6.1333,8.52,100,83,1.54,NO,1681686791
537,novobirilyussy,56.9514,90.6661,-7.36,94,94,3.76,RU,1681686791
538,tukrah,32.5341,20.5791,18.79,37,31,3.39,LY,1681686793
539,shchors,51.8186,31.945,7.44,80,100,3.02,UA,1681686794
540,semibratovo,57.3046,39.5369,-0.08,56,100,2.36,RU,1681686795
541,nador,35.174,-2.9287,17.14,67,0,3.6,MA,1681686796
542,kaduqli,11.0167,29.7167,29.92,14,44,0.42,SD,1681686797
543,caceres,39.522,-6.3748,13.64,54,5,1.64,ES,1681686797
544,nhulunbuy,-12.2333,136.7667,25.34,94,100,2.57,AU,1681686798
545,huambo,-12.7761,15.7392,14.19,84,81,1.19,AO,1681686798
546,banepa,27.6298,85.5214,16.74,55,20,1.54,NP,1681686799
547,rio gallegos,-51.6226,-69.2181,5.41,53,9,8.13,AR,1681686605
548,yar-sale,66.8333,70.8333,-23.6,82,22,5.01,RU,1681686800
549,kargat,55.1956,80.2811,-3.54,69,100,2.94,RU,1681686801
550,san ramon,37.7799,-121.978,19.97,56,0,7.2,US,1681686605
551,kropotkin,45.4375,40.5756,5.74,53,100,9.51,RU,1681686802
552,dunedin,-45.8742,170.5036,16.15,51,4,1.39,NZ,1681686803
553,presidencia roque saenz pena,-26.7852,-60.4388,19.47,83,99,1.68,AR,1681686805
554,muyezerskiy,63.9333,31.65,-2.28,99,76,0.46,RU,1681686805
555,komsomolets,53.7453,62.0708,-0.73,58,19,3.26,KZ,1681686806
556,vestmanna,62.1564,-7.1664,7.51,93,100,5.66,FO,1681686807
557,kirovskiy,45.0917,133.5136,5.84,53,100,3.22,RU,1681686808
558,linxia,35.6003,103.2064,13.99,28,15,2.07,CN,1681686808
559,palmer,42.1584,-72.3287,19.78,73,75,4.63,US,1681686012
560,cairns,-16.9167,145.7667,27.81,93,100,3.6,AU,1681686645
561,nichinan,31.6,131.3667,14.82,68,3,1.81,JP,1681686812
562,payo,-3.7508,103.6372,22.9,100,100,0.36,ID,1681686813
563,high level,58.5169,-117.136,12.75,51,89,4.33,CA,1681686622
564,malakal,9.5334,31.6605,31.41,32,71,2.12,SS,1681686814
565,aitape,-3.1374,142.3475,25.78,90,100,1.08,PG,1681686815
566,saint-francois,46.4154,3.9054,6.69,87,100,1.54,FR,1681686518
567,nabire,-3.3667,135.4833,26.12,84,78,1.07,ID,1681686816
568,yarmouth,41.7057,-70.2286,13.08,96,100,4.12,US,1681686816
569,diplo,24.4667,69.584,25.25,75,8,4.53,PK,1681686817
570,haines junction,60.7522,-137.5108,3.87,62,93,0.36,CA,1681686818
571,acevedo,1.8361,-75.855,20.02,97,100,0.94,CO,1681686818
572,constitucion,-35.3333,-72.4167,11.26,88,0,4.78,CL,1681686819
573,nome,64.5011,-165.4064,-7.96,54,0,7.72,US,1681686820
574,sorong,-0.8833,131.25,27.14,82,91,0.95,ID,1681686301
